{
  "images":[
    {
      "name":"eth1",
      "url":"https://lh3.google.com/u/0/d/1pyPrN0Fwe8lI8SjTvW5vJToo7YqshUod=w1867-h931-iv1"
    },
    {
      "name":"eth2",
      "url":"https://lh3.google.com/u/0/d/1yDZ-K_FAOqc-tF_KlbjBRGLc9VsKqgZe=w2000-h1958-iv1"
    },
    {
      "name":"eth3",
      "url":"https://lh3.google.com/u/0/d/1r-7U6EfCJz-iJ4XBXzBg5qSVnSYissiZ=w2000-h1958-iv1"
    },
    {
      "name":"eth4",
      "url":"https://lh3.google.com/u/0/d/19i3KwMm-iiBmx5Um8g_tE1wDCW7i7m2E=w2000-h1958-iv1"
    },
    {
      "name":"aptos1",
      "url":"https://lh3.google.com/u/0/d/1s9U5wT4JlDR8XE4RFrZuwUj4WX-NE7Cn=w2000-h1958-iv1"
    },
    {
      "name":"aptos2",
      "url":"https://lh3.google.com/u/0/d/10m00lBwpv-rsrWV2S84VO0jd5j7bRwpY=w2000-h1958-iv1"
    },
    {
      "name":"aptos3",
      "url":"https://lh3.google.com/u/0/d/1AtfOHz2UzrRMfQP4y6MHA46dtLEuHXM3=w2000-h1958-iv1"
    },
    {
      "name":"aptos4",
      "url":"https://lh3.google.com/u/0/d/1xt5wH8vOJPj967SvVBFjA_VbQxr8xaGU=w2000-h1958-iv1"
    },
    {
      "name":"sui1",
      "url":"https://lh3.google.com/u/0/d/1mmWhcQlvJlLqPGtwLkafnWZcO63QoWfQ=w2000-h1958-iv1"
    },
    {
      "name":"sui2",
      "url":"https://lh3.google.com/u/0/d/16RLdjK7F3_DsR7PViQbnKbRMuUVI_95L=w2000-h1958-iv1"
    },
    {
      "name":"sui3",
      "url":"https://lh3.google.com/u/0/d/1HKDX9lOfN8pW8m2E0tbWfumkecYwhLYV=w1867-h931-iv1"
    },
    {
      "name":"sui4",
      "url":"https://lh3.google.com/u/0/d/1AtgPMhpfh5duNNX6fHsPk6I2ACHwjqqS=w2000-h1958-iv1"
    },
    {
      "name":"okto1",
      "url":"https://lh3.google.com/u/0/d/16_PhTp-7CD7VSC_usifdwZ-oquoWVRnE=w2000-h1958-iv1"
    },
    {
      "name":"okto2",
      "url":"https://lh3.google.com/u/0/d/1FklNhF4q-Hg4Zp-iRyZr6SO9m7eu8SM_=w2000-h1958-iv1"
    },
    {
      "name":"okto3",
      "url":"https://lh3.google.com/u/0/d/1ICE8p4nBuZulLyVm-dKQjb27iX9VnI-x=w2000-h1958-iv1"
    },
    {
      "name":"okto4",
      "url":"https://lh3.google.com/u/0/d/1hqR50WTjB_gdVHhb1ua4pp8HpBNVJPvF=w2000-h1958-iv1"
    }
  ]
}
